{
    "ios": {
        "AdMob":{
            "test":false,
            "ads":{
                "ipad":{
                    "id":"ca-app-pub-6618822311551655/4466992127",
                    "type":"banner",
                    "alignment":"bottom",
                    "width":0,
                    "height":90
                },
                "iphone5s":{
                    "id":"ca-app-pub-6618822311551655/4466992127",
                    "type":"banner",
                    "alignment":"bottom",
                    "width":0,
                    "height":50
                },
                "iphone6s":{
                    "id":"ca-app-pub-6618822311551655/4466992127",
                    "type":"banner",
                    "alignment":"bottom",
                    "width":0,
                    "height":70
                },
                "fullScreenAds":{
                    "id":"ca-app-pub-6618822311551655/5943725324",
                    "type":"interstitial"
                }
            }
        },
        "iap":{
            "items":{
                "shopBtn2":{
                    "id":"com.qywl.SunPop.shopBtn2"
                },
                "shopBtn1":{
                    "id":"com.qywl.SunPop.shopBtn1"
                },
                "shopBtn0":{
                    "id":"com.qywl.SunPop.shopBtn0"
                },
                "bag1":{
                    "id":"com.qywl.SunPop.bag1"
                }
            }
        }
    },
    "android": {
        "AdMob":{
            "test":false,
            "ads":{
                "home":{
                    "id":"ca-app-pub-1329374026572143/2685130917",
                    "type":"banner",
                    "alignment":"bottom",
                    "width":300,
                    "height":50
                },
                "gameover":{
                    "id":"ca-app-pub-1329374026572143/1092476511",
                    "type":"interstitial"
                }
            }
        }
    }
}
